Municipio,Cve_Municipio,Total_Crimes
Abalá,31001,5
Abasolo,5001,15
Abasolo,11001,1112
Abasolo,19001,58
Abasolo,28001,114
Abejones,20001,1
Acacoyagua,7001,35
Acajete,21001,627
Acajete,30001,100
Acala,7002,39
Acambay de Ruíz Castañeda,15001,802
Acanceh,31002,12
Acapetahua,7003,59
Acaponeta,18001,547
Acapulco de Juárez,12001,10352
Acateno,21002,71
Acatepec,12076,29
Acatic,14001,115
Acatlán,13001,141
Acatlán,21003,295
Acatlán,30002,14
Acatlán de Juárez,14002,325
Acatlán de Pérez Figueroa,20002,212
Acatzingo,21004,602
Acaxochitlán,13002,286
Acayucan,30003,921
Acolman,15002,2252
Aconchi,26001,13
Acteopan,21005,5
Actopan,13003,1361
Actopan,30004,235
Acuamanala de Miguel Hidalgo,29022,5
Acuitzio,16001,111
Acula,30005,39
Aculco,15003,541
Acultzingo,30006,144
Acuña,5002,4435
Acámbaro,11002,2293
Agua Blanca de Iturbide,13004,63
Agua Dulce,30204,372
Agua Prieta,26002,682
Agualeguas,19002,16
Aguascalientes,1001,31668
Aguililla,16002,21
Ahome,25001,6213
Ahuacatlán,18002,109
Ahuacatlán,21006,53
Ahuacuotzingo,12002,23
Ahualulco,24001,181
Ahualulco de Mercado,14003,285
Ahuatlán,21007,7
Ahuazotepec,21008,118
Ahuehuetitla,21009,23
Ahumada,8001,175
Ajacuba,13005,94
Ajalpan,21010,212
Ajuchitlán del Progreso,12003,14
Akil,31003,16
Alamos,26003,149
Alaquines,24002,36
Albino Zertuche,21011,3
Alcozauca de Guerrero,12004,53
Aldama,7113,3
Aldama,8002,369
Aldama,28002,232
Alfajayucan,13006,89
Aljojuca,21012,61
Allende,5003,632
Allende,8003,97
Allende,19004,575
Almoloya,13007,188
Almoloya de Alquisiras,15004,83
Almoloya de Juárez,15005,3048
Almoloya del Río,15006,254
Alpatláhuac,30008,41
Alpoyeca,12005,28
Altamira,28003,3003
Altamirano,7004,21
Altar,26004,81
Altepexi,21013,113
Alto Lucero de Gutiérrez Barrios,30009,107
Altotonga,30010,467
Alvarado,30011,489
Amacueca,14004,27
Amacuzac,17001,99
Amanalco,15007,280
Amatenango de la Frontera,7006,5
Amatenango del Valle,7007,6
Amatepec,15008,132
Amatitlán,30012,52
Amatitán,14005,120
Amatlán de Cañas,18003,77
Amatlán de los Reyes,30014,544
Amatán,7005,28
Amaxac de Guerrero,29001,20
Amealco de Bonfil,22001,1070
Ameca,14006,825
Amecameca,15009,1755
Amixtlán,21014,18
Amozoc,21015,2543
Angamacutiro,16004,91
Angangueo,16005,48
Angel Albino Corzo,7008,25
Angel R. Cabada,30015,248
Angostura,25002,404
Antiguo Morelos,28004,63
Anáhuac,19005,215
Apan,13008,1074
Apaseo el Alto,11004,1174
Apaseo el Grande,11005,2849
Apatzingán,16006,1659
Apaxco,15010,646
Apaxtla,12006,12
Apazapan,30017,26
Apetatitlán de Antonio Carvajal,29002,75
Apizaco,29005,292
Apodaca,19006,7899
Aporo,16007,26
Apozol,32001,25
Apulco,32002,20
Aquila,16008,121
Aquila,30018,9
Aquiles Serdán,8004,106
Aquismón,24003,385
Aquixtla,21016,48
Aramberri,19007,104
Arandas,14008,695
Arcelia,12007,40
Ario,16009,212
Arivechi,26005,26
Arizpe,26006,7
Armadillo de los Infante,24004,45
Armería,6001,549
Arriaga,7009,148
Arroyo Seco,22003,156
Arteaga,5004,672
Arteaga,16010,120
Ascensión,8005,348
Asientos,1002,763
Astacinga,30019,28
Asunción Cacalotepec,20003,13
Asunción Cuyotepeji,20004,6
Asunción Ixtaltepec,20005,94
Asunción Nochixtlán,20006,371
Asunción Ocotlán,20007,23
Asunción Tlacolulita,20008,1
Atarjea,11006,30
Atemajac de Brizuela,14010,26
Atempan,21017,214
Atenango del Río,12008,37
Atenco,15011,1240
Atengo,14011,21
Atenguillo,14012,52
Atexcal,21018,12
Atil,26007,8
Atitalaquia,13010,317
Atizapán,15012,238
Atizapán de Zaragoza,15013,10074
Atlacomulco,15014,2247
Atlahuilco,30020,39
Atlamajalcingo del Monte,12009,9
Atlangatepec,29003,9
Atlapexco,13011,128
Atlatlahucan,17002,404
Atlautla,15015,512
Atlequizayan,21080,4
Atlixco,21019,2404
Atlixtac,12010,37
Atltzayanca,29004,10
Atolinga,32003,18
Atotonilco de Tula,13013,698
Atotonilco el Alto,14013,428
Atotonilco el Grande,13012,457
Atoyac,14014,28
Atoyac,30021,162
Atoyac de Álvarez,12011,328
Atoyatempan,21020,40
Atzacan,30022,131
Atzala,21021,12
Atzalan,30023,231
Atzitzihuacán,21022,71
Atzitzintla,21023,48
Autlán de Navarro,14015,878
Axapusco,15016,727
Axochiapan,17003,325
Axtla de Terrazas,24053,368
Axutla,21024,7
Ayahualulco,30025,38
Ayala,17004,847
Ayapango,15017,167
Ayoquezco de Aldama,20398,22
Ayotlán,14016,154
Ayotoxco de Guerrero,21025,40
Ayotzintepec,20009,39
Ayutla,14017,56
Ayutla de los Libres,12012,243
Azcapotzalco,9002,9359
Azoyú,12013,77
Baca,31004,45
Bacadéhuachi,26008,5
Bacalar,23010,937
Bacanora,26009,11
Bacerac,26010,3
Bachíniva,8006,82
Bacoachi,26011,7
Badiraguato,25003,77
Bahía de Banderas,18020,1635
Balancán,27001,608
Balleza,8007,90
Banderilla,30026,304
Banámichi,26013,13
Batopilas de Manuel Gómez Morín,8008,28
Bavispe,26015,6
Baviácora,26014,12
Bejucal de Ocampo,7010,2
Bella Vista,7011,2
Benemérito de las Américas,7114,42
Benito Juárez,9014,16996
Benito Juárez,12014,65
Benito Juárez,23005,26720
Benito Juárez,26071,242
Benito Juárez,29045,5
Benito Juárez,30027,47
Benito Juárez,32004,24
Benjamín Hill,26016,38
Berriozábal,7012,211
Boca del Río,30028,3030
Bochil,7013,30
Bocoyna,8009,399
Bokobá,31005,10
Bolaños,14019,26
Briseñas,16011,29
Buctzotz,31006,7
Buenaventura,8010,168
Buenavista,16012,227
Buenavista de Cuéllar,12015,57
Burgos,28005,17
Bustamante,19008,57
Bustamante,28006,34
Bácum,26012,193
Cabo Corrientes,14020,82
Caborca,26017,1491
Cacahoatán,7015,80
Cacalchén,31007,7
Cadereyta Jiménez,19009,1959
Cadereyta de Montes,22004,894
Cajeme,26018,7833
Calakmul,4010,134
Calcahualco,30029,45
Calera,32005,846
Calihualá,20011,3
Calimaya,15018,1100
Calkiní,4001,231
Calnali,13014,104
Calotmul,31008,1
Calpan,21026,134
Calpulalpan,29006,202
Caltepec,21027,8
Calvillo,1003,938
Camargo,8011,887
Camargo,28007,125
Camarón de Tejeda,30007,33
Camerino Z. Mendoza,30030,294
Camocuautla,21028,2
Campeche,4002,5044
Cananea,26019,470
Canatlán,10001,228
Candela,5005,50
Candelaria,4011,275
Candelaria Loxicha,20012,46
Canelas,10002,6
Cansahcab,31009,8
Cantamayec,31010,1
Capitán Luis Ángel Vidal,7120,0
Capulhuac,15019,589
Capulálpam de Méndez,20247,11
Carbó,26020,23
Cardonal,13015,69
Carichí,8012,26
Carlos A. Carrillo,30208,269
Carmen,4003,3678
Carrillo Puerto,30031,84
Carácuaro,16013,27
Casas,28008,15
Casas Grandes,8013,159
Casimiro Castillo,14021,142
Castaños,5006,492
Castillo de Teayo,30157,124
Catazajá,7016,73
Catemaco,30032,454
Catorce,24006,126
Caxhuacan,21029,8
Cazones de Herrera,30033,127
Cañada Morelos,21099,102
Cañadas de Obregón,14117,9
Cañitas de Felipe Pescador,32006,55
Cedral,24007,224
Celaya,11007,14757
Celestún,31011,6
Cenotillo,31012,0
Centla,27003,1603
Centro,27004,19604
Cerralvo,19011,68
Cerritos,24008,379
Cerro Azul,30034,151
Cerro de San Pedro,24009,91
Chacaltianguis,30054,90
Chacsinkín,31016,1
Chahuites,20025,50
Chalcatongo de Hidalgo,20026,51
Chalchicomula de Sesma,21045,506
Chalchihuites,32009,39
Chalchihuitán,7022,7
Chalco,15025,12729
Chalma,30055,73
Champotón,4004,1055
Chamula,7023,11
Chanal,7024,8
Chankom,31017,0
Chapa de Mota,15026,311
Chapab,31018,3
Chapala,14030,878
Chapantongo,13017,93
Chapulco,21046,71
Chapulhuacán,13018,154
Chapultenango,7025,13
Chapultepec,15027,290
Charapan,16021,50
Charcas,24015,272
Charo,16022,331
Chavinda,16023,34
Chemax,31019,18
Chenalhó,7026,14
Cherán,16024,40
Chiapa de Corzo,7027,488
Chiapilla,7028,7
Chiautempan,29010,277
Chiautla,15028,522
Chiautla,21047,139
Chiautzingo,21048,120
Chichimilá,31021,4
Chichiquila,21050,40
Chicoasén,7029,17
Chicoloapan,15029,3391
Chicomuselo,7030,8
Chiconamel,30056,21
Chiconcuac,15030,592
Chiconcuautla,21049,53
Chiconquiaco,30057,37
Chicontepec,30058,253
Chicxulub Pueblo,31020,0
Chietla,21051,326
Chigmecatitlán,21052,8
Chignahuapan,21053,720
Chignautla,21054,178
Chihuahua,8019,23499
Chikindzonot,31022,1
Chila,21055,28
Chila de la Sal,21056,8
Chilapa de Álvarez,12028,174
Chilchota,16025,273
Chilchotla,21058,33
Chilcuautla,13019,112
Chilpancingo de los Bravo,12029,3902
Chilón,7031,88
Chimalhuacán,15031,13687
Chimaltitán,14031,8
China,19013,106
Chinameca,30059,139
Chinampa de Gorostiza,30060,87
Chinantla,21059,20
Chinicuila,16026,25
Chiquihuitlán de Benito Juárez,20027,7
Chiquilistlán,14032,18
Chocamán,30062,104
Chocholá,31023,2
Choix,25007,157
Chontla,30063,48
Chucándiro,16027,24
Chumatlán,30064,26
Chumayel,31024,0
Churintzio,16028,67
Churumuco,16029,10
Chínipas,8020,25
Cihuatlán,14022,402
Cintalapa,7017,231
Citlaltépetl,30035,55
Ciudad Fernández,24011,811
Ciudad Ixtepec,20014,372
Ciudad Madero,28009,2534
Ciudad Valles,24013,3957
Ciudad del Maíz,24010,408
Ciénega de Flores,19012,1272
Ciénega de Zimatlán,20013,10
Coacalco de Berriozábal,15020,7035
Coacoatzintla,30036,111
Coahuayana,16014,95
Coahuayutla de José María Izazaga,12016,2
Coahuitlán,30037,27
Coalcomán de Vázquez Pallares,16015,111
Coapilla,7018,11
Coatecas Altas,20015,13
Coatepec,21030,6
Coatepec,30038,986
Coatepec Harinas,15021,299
Coatetelco,17034,102
Coatlán del Río,17005,159
Coatzacoalcos,30039,4151
Coatzingo,21031,9
Coatzintla,30040,416
Cochoapa el Grande,12078,98
Cocotitlán,15022,436
Cocula,12017,41
Cocula,14024,328
Coeneo,16016,87
Coetzala,30041,16
Cohetzala,21032,5
Cohuecan,21033,24
Coicoyán de las Flores,20016,10
Cojumatlán de Régules,16074,27
Colima,6002,7715
Colipa,30042,27
Colotlán,14025,217
Colón,22005,827
Comala,6003,553
Comalcalco,27005,3499
Comapa,30043,68
Comitán de Domínguez,7019,496
Comondú,3001,1481
Comonfort,11009,1409
Compostela,18004,718
Concepción Buenavista,20018,8
Concepción Pápalo,20019,6
Concepción de Buenos Aires,14026,22
Concepción del Oro,32007,121
Concordia,25004,147
Coneto de Comonfort,10003,0
Conkal,31013,1
Constancia del Rosario,20020,11
Contepec,16017,99
Contla de Juan Cuamatzi,29018,69
Copainalá,7021,51
Copala,12018,107
Copalillo,12019,25
Copanatoyac,12020,35
Copándaro,16018,91
Coquimatlán,6004,507
Coronado,8014,11
Coronango,21034,997
Coroneo,11010,156
Corregidora,22006,4364
Cortazar,11011,2407
Cosalá,25005,34
Cosamaloapan de Carpio,30045,802
Cosautlán de Carvajal,30046,52
Coscomatepec,30047,381
Cosolapa,20021,38
Cosoleacaque,30048,1111
Cosoltepec,20022,2
Cosío,1004,374
Cotaxtla,30049,327
Cotija,16019,80
Coxcatlán,21035,112
Coxcatlán,24014,123
Coxquihui,30050,57
Coyame del Sotol,8015,4
Coyoacán,9003,15514
Coyomeapan,21036,18
Coyotepec,15023,1063
Coyotepec,21037,12
Coyuca de Benítez,12021,398
Coyuca de Catalán,12022,74
Coyutla,30051,72
Cozumel,23001,2108
Cruillas,28010,20
Cuajimalpa de Morelos,9004,3899
Cuajinicuilapa,12023,159
Cualác,12024,18
Cuapiaxtla,29008,36
Cuapiaxtla de Madero,21038,114
Cuatro Ciénegas,5007,287
Cuauhtémoc,6005,542
Cuauhtémoc,8017,4354
Cuauhtémoc,9015,32594
Cuauhtémoc,32008,153
Cuautempan,21039,27
Cuautepec,12025,40
Cuautepec de Hinojosa,13016,507
Cuautinchán,21040,103
Cuautitlán,15024,4371
Cuautitlán Izcalli,15121,14791
Cuautitlán de García Barragán,14027,95
Cuautla,14028,7
Cuautla,17006,6361
Cuautlancingo,21041,2420
Cuaxomulco,29009,9
Cuayuca de Andrade,21042,6
Cucurpe,26022,9
Cuencamé,10004,234
Cuernavaca,17007,15078
Cuerámaro,11012,399
Cuetzala del Progreso,12026,8
Cuetzalan del Progreso,21043,292
Cuichapa,30052,101
Cuilápam de Guerrero,20023,243
Cuitláhuac,30053,247
Cuitzeo,16020,253
Culiacán,25006,12967
Cumpas,26023,85
Cuncunul,31014,2
Cunduacán,27006,2197
Cuquío,14029,111
Cusihuiriachi,8018,39
Cutzamala de Pinzón,12027,17
Cuyamecalco Villa de Zaragoza,20024,3
Cuyoaco,21044,102
Cuzamá,31015,9
Cárdenas,24005,273
Cárdenas,27002,3383
Córdoba,30044,3554
Degollado,14033,81
Del Nayar,18009,85
Delicias,8021,3459
Divisaderos,26024,4
Doctor Arroyo,19014,311
Doctor Coss,19015,41
Doctor González,19016,52
Doctor Mora,11013,299
Dolores Hidalgo Cuna de la Independencia Nacional,11014,3067
Domingo Arenas,21060,31
Donato Guerra,15032,301
Dr. Belisario Domínguez,8022,13
Durango,10005,11326
Dzemul,31026,9
Dzidzantún,31027,17
Dzilam González,31029,8
Dzilam de Bravo,31028,2
Dzitbalché,4013,202
Dzitás,31030,4
Dzoncauich,31031,1
Dzán,31025,3
Ebano,24016,373
Ecatepec de Morelos,15033,37832
Ecatzingo,15034,79
Ecuandureo,16030,133
Eduardo Neri,12075,320
Ejutla,14034,15
El Arenal,13009,191
El Arenal,14009,257
El Barrio de la Soledad,20010,113
El Bosque,7014,4
El Carmen,19010,1544
El Carmen Tequexquitla,29007,22
El Espinal,20030,100
El Fuerte,25010,681
El Grullo,14037,340
El Higo,30205,173
El Limón,14054,38
El Llano,1010,448
El Mante,28021,1315
El Marqués,22011,4512
El Naranjo,24058,212
El Oro,10018,43
El Oro,15064,469
El Parral,7122,26
El Plateado de Joaquín Amaro,32015,19
El Porvenir,7070,2
El Salto,14070,3359
El Salvador,32041,5
El Tule,8064,10
Eldorado,25019,16
Elota,25008,350
Eloxochitlán,13020,30
Eloxochitlán,21061,28
Eloxochitlán de Flores Magón,20029,21
Emiliano Zapata,7123,14
Emiliano Zapata,13021,285
Emiliano Zapata,17008,2033
Emiliano Zapata,27007,488
Emiliano Zapata,29046,1
Emiliano Zapata,30065,1007
Empalme,26025,438
Encarnación de Díaz,14035,464
Ensenada,2001,15264
Epatlán,21062,26
Epazoyucan,13022,364
Epitacio Huerta,16031,36
Erongarícuaro,16032,82
Escobedo,5008,51
Escuinapa,25009,453
Escuintla,7032,79
Escárcega,4009,671
Españita,29012,12
Esperanza,21063,430
Espinal,30066,142
Espita,31032,11
Etchojoa,26026,425
Etzatlán,14036,136
Ezequiel Montes,22007,585
Felipe Carrillo Puerto,23002,1580
Filomeno Mata,30067,17
Florencio Villarreal,12030,170
Fortín,30068,746
Francisco I. Madero,5009,1055
Francisco I. Madero,13023,326
Francisco León,7033,1
Francisco Z. Mena,21064,44
Fresnillo,32010,4400
Fresnillo de Trujano,20032,4
Frontera,5010,1286
Frontera Comalapa,7034,7
Frontera Hidalgo,7035,26
Fronteras,26027,37
Gabriel Zamora,16033,60
Galeana,8023,85
Galeana,19017,454
García,19018,5904
Genaro Codina,32012,70
General Bravo,19020,106
General Canuto A. Neri,12031,5
General Cepeda,5011,168
General Enrique Estrada,32013,95
General Escobedo,19021,6660
General Felipe Ángeles,21065,61
General Francisco R. Murguía,32014,54
General Heliodoro Castillo,12032,11
General Plutarco Elías Calles,26070,285
General Pánfilo Natera,32016,175
General Simón Bolívar,10006,6
General Terán,19022,157
General Treviño,19023,14
General Zaragoza,19024,35
General Zuazua,19025,1288
González,28012,214
Gran Morelos,8026,23
Granados,26028,3
Guachinango,14038,37
Guachochi,8027,498
Guadalajara,14039,34712
Guadalcázar,24017,149
Guadalupe,8028,20
Guadalupe,19026,10988
Guadalupe,21066,27
Guadalupe,32017,4946
Guadalupe Etla,20033,51
Guadalupe Victoria,10008,336
Guadalupe Victoria,21067,102
Guadalupe de Ramírez,20034,5
Guadalupe y Calvo,8029,270
Guanaceví,10009,39
Guanajuato,11015,9253
Guasave,25011,2875
Guaymas,26029,1853
Guazapares,8030,33
Guelatao de Juárez,20035,7
Guerrero,5012,16
Guerrero,8031,582
Guerrero,28014,12
Guevea de Humboldt,20036,8
Gustavo A. Madero,9005,21351
Gustavo Díaz Ordaz,28015,105
Gutiérrez Zamora,30069,203
Gómez Farías,8025,14
Gómez Farías,14079,192
Gómez Farías,28011,53
Gómez Palacio,10007,3548
Güémez,28013,179
Halachó,31033,12
Hecelchakán,4005,305
Hermenegildo Galeana,21068,16
Hermosillo,26030,13582
Heroica Ciudad de Ejutla de Crespo,20028,270
Heroica Ciudad de Huajuapan de León,20039,1407
Heroica Ciudad de Juchitán de Zaragoza,20043,1133
Heroica Ciudad de Tlaxiaco,20397,526
"Heroica Villa Tezoatlán de Segura y Luna, Cuna de la Independencia de Oaxaca",20549,30
Hidalgo,5013,2
Hidalgo,10010,9
Hidalgo,16034,907
Hidalgo,19047,198
Hidalgo,28016,108
Hidalgo del Parral,8032,3397
Hidalgotitlán,30070,40
Higueras,19028,12
Hocabá,31034,1
Hoctún,31035,0
Homún,31036,0
Honduras de la Sierra,7125,0
Honey,21057,27
Hopelchén,4006,369
Hostotipaquillo,14040,51
Huachinera,26031,9
Huajicori,18005,107
Hualahuises,19029,100
Huamantla,29013,149
Huamuxtitlán,12033,66
Huandacareo,16036,38
Huaniqueo,16037,43
Huanusco,32018,28
Huanímaro,11016,220
Huaquechula,21069,144
Huasca de Ocampo,13024,279
Huatabampo,26033,523
Huatlatlauca,21070,12
Huatusco,30071,713
Huauchinango,21071,1390
Huautepec,20040,6
Huautla,13025,98
Huautla de Jiménez,20041,234
Huayacocotla,30072,315
Huazalingo,13026,54
Huehuetla,13027,110
Huehuetla,21072,46
Huehuetlán,24018,155
Huehuetlán el Chico,21073,48
Huehuetlán el Grande,21150,24
Huehuetoca,15035,4302
Huehuetán,7037,94
Huejotitán,8033,7
Huejotzingo,21074,1278
Huejuquilla el Alto,14042,36
Huejutla de Reyes,13028,1443
Huejúcar,14041,21
Huetamo,16038,396
Hueyapan,17036,29
Hueyapan,21075,84
Hueyapan de Ocampo,30073,264
Hueyotlipan,29014,30
Hueypoxtla,15036,548
Hueytamalco,21076,138
Hueytlalpan,21077,6
Huhí,31037,2
Huichapan,13029,992
Huiloapan de Cuauhtémoc,30074,74
Huimanguillo,27008,2265
Huimilpan,22008,509
Huiramba,16039,55
Huitiupán,7039,3
Huitzilac,17009,858
Huitzilan de Serdán,21078,31
Huitziltepec,21079,29
Huitzuco de los Figueroa,12034,202
Huixquilucan,15037,4582
Huixtla,7040,140
Huixtán,7038,7
Hunucmá,31038,38
Huásabas,26032,11
Huépac,26034,2
Ignacio Zaragoza,8034,8
Ignacio de la Llave,30075,49
Iguala de la Independencia,12035,1850
Igualapa,12036,76
Ilamatlán,30076,73
Iliatenco,12081,24
Imuris,26035,96
Indaparapeo,16040,135
Indé,10011,8
Irapuato,11017,18287
Irimbo,16041,85
Isidro Fabela,15038,237
Isla,30077,384
Isla Mujeres,23003,405
Iturbide,19030,19
Ixcamilpa de Guerrero,21081,7
Ixcaquixtla,21082,61
Ixcateopan de Cuauhtémoc,12037,21
Ixcatepec,30078,72
Ixhuacán de los Reyes,30079,29
Ixhuatlancillo,30081,235
Ixhuatlán de Madero,30083,197
Ixhuatlán del Café,30080,143
Ixhuatlán del Sureste,30082,125
Ixhuatán,7042,16
Ixil,31039,17
Ixmatlahuacan,30084,64
Ixmiquilpan,13030,1456
Ixpantepec Nieves,20065,2
Ixtacamaxtitlán,21083,53
Ixtacomitán,7043,45
Ixtacuixtla de Mariano Matamoros,29015,102
Ixtaczoquitlán,30085,567
Ixtapa,7044,22
Ixtapaluca,15039,10771
Ixtapan de la Sal,15040,680
Ixtapan del Oro,15041,16
Ixtapangajoya,7045,18
Ixtenco,29016,11
Ixtepec,21084,21
Ixtlahuaca,15042,1709
Ixtlahuacán,6006,129
Ixtlahuacán de los Membrillos,14044,722
Ixtlahuacán del Río,14045,168
Ixtlán,16042,63
Ixtlán de Juárez,20042,62
Ixtlán del Río,18006,242
Izamal,31040,62
Iztacalco,9006,9945
Iztapalapa,9007,29203
Izúcar de Matamoros,21085,1050
Jacala de Ledezma,13031,134
Jacona,16043,955
Jala,18007,82
Jalacingo,30086,275
Jalapa,27009,511
Jalcomulco,30088,25
Jalostotitlán,14046,272
Jalpa,32019,275
Jalpa de Méndez,27010,1306
Jalpan,21086,78
Jalpan de Serra,22009,556
Jaltenco,15044,447
Jaltocán,13032,60
Jamapa,30090,87
Jamay,14047,223
Janos,8035,88
Jantetelco,17010,136
Jaral del Progreso,11018,648
Jaumave,28017,157
Jerez,32020,985
Jerécuaro,11019,288
Jesús Carranza,30091,156
Jesús María,1005,4181
Jesús María,14048,119
Jilotepec,15045,1730
Jilotepec,30093,114
Jilotlán de los Dolores,14049,5
Jilotzingo,15046,347
Jiménez,5014,126
Jiménez,8036,851
Jiménez,16044,34
Jiménez,28018,88
Jiménez del Teul,32021,12
Jiquilpan,16045,342
Jiquipilas,7046,119
Jiquipilco,15047,647
Jitotol,7047,19
Jiutepec,17011,4902
Jocotepec,14050,472
Jocotitlán,15048,797
Jojutla,17012,1996
Jolalpan,21087,25
Jonacatepec de Leandro Valle,17013,246
Jonotla,21088,10
Jonuta,27011,322
Jopala,21089,21
Joquicingo,15049,185
José Azueta,30169,56
José Joaquín de Herrera,12079,17
José María Morelos,23006,608
José Sixto Verduzco,16113,180
Juan Aldama,32022,181
Juan C. Bonilla,21090,288
Juan Galindo,21091,69
Juan José Ríos,25020,13
Juan N. Méndez,21092,12
Juan R. Escudero,12039,167
Juan Rodríguez Clara,30094,173
Juanacatlán,14051,364
Juchipila,32023,83
Juchique de Ferrer,30095,47
Juchitepec,15050,351
Juchitlán,14052,49
Juchitán,12080,53
Julimes,8038,69
Jungapeo,16047,118
Juárez,5015,18
Juárez,7048,164
Juárez,8037,33764
Juárez,16046,36
Juárez,19031,7843
Juárez Hidalgo,13033,15
Jáltipan,30089,215
Kanasín,31041,450
Kantunil,31042,0
Kaua,31043,1
Kinchil,31044,3
Kopomá,31045,1
La Antigua,30016,464
La Barca,14018,475
La Colorada,26021,9
La Compañía,20017,5
La Concordia,7020,53
La Cruz,8016,25
La Grandeza,7036,1
La Huacana,16035,44
La Huerta,14043,165
La Independencia,7041,13
La Libertad,7050,17
La Magdalena Contreras,9008,4535
La Magdalena Tlaltelulco,29048,60
La Magdalena Tlatlauquitepec,21095,1
La Manzanilla de la Paz,14057,21
La Misión,13040,17
La Paz,3003,10339
La Paz,15070,6227
La Pe,20069,0
La Perla,30127,93
La Piedad,16069,1414
La Reforma,20076,9
La Trinidad Vista Hermosa,20556,2
La Trinitaria,7099,46
La Unión de Isidoro Montes de Oca,12068,84
La Yesca,18019,21
Lafragua,21093,23
Lagos de Moreno,14053,2027
Lagunillas,16048,85
Lagunillas,24019,35
Lamadrid,5016,31
Lampazos de Naranjo,19032,58
Landa de Matamoros,22010,152
Landero y Coss,30096,9
Larráinzar,7049,4
Las Choapas,30061,987
Las Margaritas,7052,95
Las Minas,30107,5
Las Rosas,7075,19
Las Vigas,12082,1
Las Vigas de Ramírez,30132,162
Leonardo Bravo,12040,46
Lerdo,10012,1176
Lerdo de Tejada,30097,203
Lerma,15051,3250
León,11020,50207
Libres,21094,393
Linares,19033,1152
Llera,28019,111
Lolotla,13034,67
Loma Bonita,20044,296
Loreto,3009,474
Loreto,32024,375
Los Aldamas,19003,4
Los Cabos,3008,11410
Los Herreras,19027,12
Los Ramones,19042,106
Los Reyes,16075,396
Los Reyes,30137,20
Los Reyes de Juárez,21118,169
Luis Moya,32025,153
Luvianos,15123,109
Lázaro Cárdenas,16052,2540
Lázaro Cárdenas,23007,367
Lázaro Cárdenas,29047,2
López,8039,27
Macuspana,27012,2500
Madera,8040,281
Madero,16049,119
Magdalena,14055,172
Magdalena,26036,283
Magdalena,30098,5
Magdalena Apasco,20045,68
Magdalena Jaltepec,20046,8
Magdalena Mixtepec,20048,2
Magdalena Ocotlán,20049,9
Magdalena Peñasco,20050,4
Magdalena Teitipac,20051,39
Magdalena Tequisistlán,20052,40
Magdalena Tlacotepec,20053,8
Magdalena Yodocono de Porfirio Díaz,20562,17
Magdalena Zahuatlán,20054,0
Maguarichi,8041,14
Mainero,28020,5
Malinalco,15052,601
Malinaltepec,12041,52
Maltrata,30099,161
Mama,31046,0
Manlio Fabio Altamirano,30100,137
Manuel Benavides,8042,4
Manuel Doblado,11008,209
Manzanillo,6007,7845
Maní,31047,3
Mapastepec,7051,143
Mapimí,10013,81
Maravatío,16050,649
Maravilla Tenejapa,7115,5
Marcos Castellanos,16051,47
Mariano Escobedo,30101,202
Mariscala de Juárez,20055,25
Marquelia,12077,141
Marqués de Comillas,7116,4
Martínez de la Torre,30102,1567
Marín,19034,64
Mascota,14058,169
Matachí,8043,11
Matamoros,5017,2466
Matamoros,8044,57
Matamoros,28022,4872
Matehuala,24020,1937
Matlapa,24057,294
Matías Romero Avendaño,20057,454
Maxcanú,31048,52
Mayapán,31049,1
Mazamitla,14059,132
Mazapa de Madero,7053,2
Mazapil,32026,72
Mazapiltepec de Juárez,21096,96
Mazatecochco de José María Morelos,29017,18
Mazatepec,17014,109
Mazatlán,25012,7461
Mazatlán Villa de Flores,20058,77
Mazatán,7054,71
Mazatán,26037,10
Mecatlán,30103,19
Mecayapan,30104,43
Medellín de Bravo,30105,832
Melchor Ocampo,15053,1251
Melchor Ocampo,19035,7
Melchor Ocampo,32027,5
Meoqui,8045,860
Mesones Hidalgo,20037,16
Metapa,7055,25
Metepec,13035,105
Metepec,15054,7614
Metlatónoc,12043,63
Metztitlán,13037,219
Mexicali,2002,34550
Mexicaltzingo,15055,349
Mexquitic de Carmona,24021,573
Mexticacán,14060,12
Mezcalapa,7124,51
Mezquital,10014,114
Mezquital del Oro,32028,10
Mezquitic,14061,71
Miacatlán,17015,172
Miahuatlán,30106,19
Miahuatlán de Porfirio Díaz,20059,608
Mier,28024,44
Mier y Noriega,19036,22
Miguel Alemán,28025,379
Miguel Auza,32029,132
Miguel Hidalgo,9016,13248
Milpa Alta,9009,2454
Mina,19037,148
Minatitlán,6008,236
Minatitlán,30108,1650
Mineral de la Reforma,13051,2916
Mineral del Chico,13038,216
Mineral del Monte,13039,300
Miquihuana,28026,16
Misantla,30109,456
Mitontic,7056,1
Mixistlán de la Reforma,20060,4
Mixquiahuala de Juárez,13041,820
Mixtla,21097,18
Mixtla de Altamirano,30110,56
Mixtlán,14062,22
Mochitlán,12044,22
Mocochá,31051,9
Mocorito,25013,249
Moctezuma,24022,130
Moctezuma,26038,93
Molango de Escamilla,13042,170
Molcaxac,21098,51
Moloacán,30111,119
Momax,32030,24
Monclova,5018,4358
Monjas,20061,7
Monte Escobedo,32031,82
Montecristo de Guerrero,7117,1
Montemorelos,19038,1269
Monterrey,19039,22169
Morelia,16053,15109
Morelos,5019,158
Morelos,8046,4
Morelos,15056,263
Morelos,16054,61
Morelos,32032,235
Moris,8047,17
Moroleón,11021,906
Motozintla,7057,80
Motul,31052,165
Moyahua de Estrada,32033,29
Mulegé,3002,1296
Muna,31053,3
Muxupip,31054,2
Muñoz de Domingo Arenas,29011,7
Mártir de Cuilapan,12042,23
Mártires de Tacubaya,20056,4
Méndez,28023,17
Mérida,31050,2003
Múgica,16055,220
Múzquiz,5020,1620
Nacajuca,27013,2376
Naco,26039,56
Nacozari de García,26041,162
Nadadores,5021,99
Nahuatzen,16056,125
Namiquipa,8048,97
Nanacamilpa de Mariano Arista,29021,39
Nanchital de Lázaro Cárdenas del Río,30206,342
Naolinco,30112,167
Naranjal,30113,34
Naranjos Amatlán,30013,292
Natividad,20062,2
Natívitas,29023,62
Naucalpan de Juárez,15057,23785
Naupan,21100,29
Nautla,30114,67
Nauzontla,21101,18
Nava,5022,604
Navojoa,26042,1696
Navolato,25018,1052
Nazareno Etla,20063,47
Nazas,10015,59
Nealtican,21102,78
Nejapa de Madero,20064,31
Nextlalpan,15059,1427
Nezahualcóyotl,15058,21558
Nicolás Bravo,21103,38
Nicolás Flores,13043,11
Nicolás Romero,15060,7385
Nicolás Ruíz,7058,1
No Especificado,9998,7896
No Especificado,14998,275
No Especificado,22998,137
No Especificado,26998,0
No Especificado,30998,57
Nochistlán de Mejía,32034,152
Nocupétaro,16057,36
Nogales,26043,1858
Nogales,30115,505
Nombre de Dios,10016,254
Nonoava,8049,15
Nopala de Villagrán,13044,90
Nopaltepec,15061,259
Nopalucan,21104,129
Noria de Ángeles,32035,51
Nuevo Casas Grandes,8050,1589
Nuevo Ideal,10039,204
Nuevo Laredo,28027,2089
Nuevo Morelos,28028,21
Nuevo Parangaricutiro,16058,106
Nuevo Urecho,16059,20
Nuevo Zoquiápam,20504,3
Numarán,16060,84
Nácori Chico,26040,6
Oaxaca de Juárez,20067,7324
Ocampo,5023,84
Ocampo,8051,78
Ocampo,10017,22
Ocampo,11022,439
Ocampo,16061,87
Ocampo,28029,122
Ocosingo,7059,241
Ocotepec,7060,11
Ocotepec,21105,21
Ocotlán,14063,828
Ocotlán de Morelos,20068,356
Ocoyoacac,15062,1413
Ocoyucan,21106,418
Ocozocoautla de Espinosa,7061,281
Ocuilan,15063,556
Ocuituco,17016,164
Ojinaga,8052,103
Ojocaliente,32036,505
Ojuelos de Jalisco,14064,190
Olinalá,12045,61
Olintla,21107,19
Oluta,30116,175
Omealca,30117,112
Ometepec,12046,733
Omitlán de Juárez,13045,127
Onavas,26044,4
Opichén,31055,2
Opodepe,26045,11
Oquitoa,26046,4
Oriental,21108,361
Orizaba,30118,1936
Ostuacán,7062,40
Osumacinta,7063,9
Otatitlán,30119,52
Oteapan,30120,94
Othón P. Blanco,23004,7239
Otros Municipios,20999,36
Otros Municipios,26999,13
Otros Municipios,30999,203
Otumba,15065,857
Otzoloapan,15066,32
Otzolotepec,15067,1411
Otáez,10019,1
Oxchuc,7064,14
Oxkutzcab,31056,21
Ozuluama de Mascareñas,30121,174
Ozumba,15068,577
Pabellón de Arteaga,1006,1267
Pachuca de Soto,13048,14803
Pacula,13047,16
Padilla,28030,158
Pahuatlán,21109,262
Pajacuarán,16062,45
Pajapan,30122,65
Palenque,7065,503
Palizada,4007,72
Palmar de Bravo,21110,409
Palmillas,28031,16
Panabá,31057,3
Panindícuaro,16063,96
Panotla,29024,62
Pantelhó,7066,27
Pantepec,7067,8
Pantepec,21111,46
Papalotla,15069,93
Papalotla de Xicohténcatl,29041,82
Papantla,30124,1178
Paracho,16065,205
Paraíso,27014,1473
Parras,5024,967
Parácuaro,16064,109
Parás,19040,18
Paso de Ovejas,30126,152
Paso del Macho,30125,220
Pedro Ascencio Alquisiras,12047,1
Pedro Escobedo,22012,1261
Penjamillo,16067,66
Peribán,16068,129
Perote,30128,1032
Pesquería,19041,2457
Petatlán,12048,152
Petlalcingo,21112,49
Peto,31058,8
Peñamiller,22013,139
Peñón Blanco,10021,38
Piaxtla,21113,39
Pichucalco,7068,195
Piedras Negras,5025,4822
Pihuamo,14065,40
Pijijiapan,7069,124
Pilcaya,12049,108
Pinal de Amoles,22002,293
Pinos,32038,499
Pinotepa de Don Luis,20070,34
Pisaflores,13049,76
Pitiquito,26047,58
Platón Sánchez,30129,145
Playa Vicente,30130,203
Playas de Rosarito,2005,4373
Pluma Hidalgo,20071,12
Poanas,10022,292
Polotitlán,15071,359
Poncitlán,14066,475
Poza Rica de Hidalgo,30131,2344
Praxedis G. Guerrero,8053,26
Progreso,5026,35
Progreso,31059,304
Progreso de Obregón,13050,348
Puebla,21114,32045
Pueblo Nuevo,10023,180
Pueblo Nuevo,11024,165
Pueblo Nuevo Solistahuacán,7072,26
Pueblo Viejo,30133,352
Puente Nacional,30134,182
Puente de Ixtla,17017,697
Puerto Morelos,23011,794
Puerto Peñasco,26048,396
Puerto Vallarta,14067,5103
Pungarabato,12050,154
Puruándiro,16071,593
Purépero,16070,73
Purísima del Rincón,11025,1288
Putla Villa de Guerrero,20073,351
Pánuco,30123,946
Pánuco,32037,193
Pánuco de Coronado,10020,100
Pátzcuaro,16066,1361
Pénjamo,11023,2462
Quecholac,21115,305
Quechultenango,12051,23
Queréndaro,16072,123
Querétaro,22014,35551
Quimixtlán,21116,32
Quintana Roo,31060,0
Quiriego,26049,26
Quiroga,16073,137
Quitupan,14069,13
Rafael Delgado,30135,134
Rafael Lara Grajales,21117,141
Rafael Lucio,30136,81
Ramos Arizpe,5027,1788
Rayones,19043,10
Rayón,7073,12
Rayón,15072,217
Rayón,24023,204
Rayón,26050,4
Reforma,7074,533
Reforma de Pineda,20075,21
Reyes Etla,20077,51
Reynosa,28032,9767
Rincón Chamula San Pedro,7121,5
Rincón de Romos,1007,1137
Rioverde,24024,1789
Riva Palacio,8054,26
Rodeo,10024,80
Rojas de Cuauhtémoc,20078,12
Romita,11026,613
Rosales,8055,195
Rosamorada,18010,348
Rosario,8056,10
Rosario,25014,350
Rosario,26051,74
Ruíz,18011,137
Río Blanco,30138,572
Río Bravo,28033,1363
Río Grande,32039,513
Río Lagartos,31061,1
Sabanilla,7076,15
Sabinas,5028,1652
Sabinas Hidalgo,19044,424
Sacalum,31062,3
Sacramento,5029,14
Sahuaripa,26052,94
Sahuayo,16076,485
Sain Alto,32040,116
Salamanca,11027,6917
Salina Cruz,20079,937
Salinas,24025,365
Salinas Victoria,19045,1840
Saltabarranca,30139,34
Saltillo,5030,14999
Salto de Agua,7077,43
Salvador Alvarado,25015,630
Salvador Escalante,16079,606
Salvatierra,11028,2747
Samahil,31063,2
San Agustín Amatengo,20080,5
San Agustín Atenango,20081,7
San Agustín Chayuco,20082,16
San Agustín Etla,20084,40
San Agustín Loxicha,20085,45
San Agustín Metzquititlán,13036,102
San Agustín Tlacotepec,20086,4
San Agustín Tlaxiaca,13052,331
San Agustín Yatareni,20087,58
San Agustín de las Juntas,20083,140
San Andrés Cabecera Nueva,20088,6
San Andrés Cholula,21119,3313
San Andrés Dinicuiti,20089,5
San Andrés Duraznal,7118,0
San Andrés Huaxpaltepec,20090,37
San Andrés Huayápam,20091,47
San Andrés Ixtlahuaca,20092,8
San Andrés Lagunas,20093,2
San Andrés Nuxiño,20094,10
San Andrés Paxtlán,20095,11
San Andrés Sinaxtla,20096,6
San Andrés Solaga,20097,0
San Andrés Tenejapan,30140,14
San Andrés Teotilálpam,20098,10
San Andrés Tepetlapa,20099,0
San Andrés Tuxtla,30141,1735
San Andrés Yaá,20100,1
San Andrés Zabache,20101,1
San Andrés Zautla,20102,41
San Antonino Castillo Velasco,20103,43
San Antonino Monte Verde,20105,7
San Antonino el Alto,20104,3
San Antonio,24026,71
San Antonio Acutla,20106,0
San Antonio Cañada,21120,19
San Antonio Huitepec,20108,6
San Antonio Nanahuatípam,20109,10
San Antonio Sinicahua,20110,4
San Antonio Tepetlapa,20111,17
San Antonio de la Cal,20107,345
San Antonio la Isla,15073,584
San Baltazar Chichicápam,20112,15
San Baltazar Loxicha,20113,15
San Baltazar Yatzachi el Bajo,20114,4
San Bartolo Coyotepec,20115,221
San Bartolo Soyaltepec,20121,2
San Bartolo Tutotepec,13053,117
San Bartolo Yautepec,20122,1
San Bartolomé Ayautla,20116,7
San Bartolomé Loxicha,20117,6
San Bartolomé Quialana,20118,11
San Bartolomé Yucuañe,20119,2
San Bartolomé Zoogocho,20120,0
San Bernardo,10025,4
San Bernardo Mixtepec,20123,9
San Blas,18012,228
San Blas Atempa,20124,105
San Buenaventura,5031,377
San Carlos,28034,47
San Carlos Yautepec,20125,28
San Ciro de Acosta,24027,135
San Cristóbal Amatlán,20126,8
San Cristóbal Amoltepec,20127,1
San Cristóbal Lachirioag,20128,3
San Cristóbal Suchixtlahuaca,20129,19
San Cristóbal de la Barranca,14071,8
San Cristóbal de las Casas,7078,940
San Damián Texóloc,29049,11
San Diego de Alejandría,14072,27
San Diego de la Unión,11029,434
San Diego la Mesa Tochimiltzingo,21121,5
San Dimas,10026,41
San Dionisio Ocotepec,20131,33
San Dionisio Ocotlán,20132,8
San Dionisio del Mar,20130,7
San Esteban Atatlahuca,20133,10
San Felipe,2007,926
San Felipe,11030,1960
San Felipe,31065,1
San Felipe Jalapa de Díaz,20134,62
San Felipe Orizatlán,13046,190
San Felipe Tejalápam,20135,38
San Felipe Teotlalcingo,21122,63
San Felipe Tepatlán,21123,5
San Felipe Usila,20136,51
San Felipe de Jesús,26053,2
San Felipe del Progreso,15074,813
San Fernando,7079,77
San Fernando,28035,449
San Francisco Cahuacuá,20137,3
San Francisco Cajonos,20138,2
San Francisco Chapulapa,20139,11
San Francisco Chindúa,20140,2
San Francisco Huehuetlán,20142,1
San Francisco Ixhuatán,20143,42
San Francisco Jaltepetongo,20144,1
San Francisco Lachigoló,20145,72
San Francisco Logueche,20146,3
San Francisco Nuxaño,20147,2
San Francisco Ozolotepec,20148,0
San Francisco Sola,20149,11
San Francisco Telixtlahuaca,20150,125
San Francisco Teopan,20151,1
San Francisco Tetlanohcan,29050,29
San Francisco Tlapancingo,20152,4
San Francisco de Borja,8057,14
San Francisco de Conchos,8058,11
San Francisco de los Romo,1011,1642
San Francisco del Mar,20141,36
San Francisco del Oro,8059,95
San Francisco del Rincón,11031,2240
San Gabriel,14113,83
San Gabriel Chilac,21124,95
San Gabriel Mixtepec,20153,34
San Gregorio Atzompa,21125,109
San Ignacio,25016,96
San Ignacio Cerro Gordo,14125,97
San Ignacio Río Muerto,26072,74
San Ildefonso Amatlán,20154,6
San Ildefonso Sola,20155,7
San Ildefonso Villa Alta,20156,35
San Jacinto Amilpas,20157,235
San Jacinto Tlacotepec,20158,5
San Javier,26054,3
San Jerónimo Coatlán,20159,5
San Jerónimo Silacayoapilla,20160,7
San Jerónimo Sosola,20161,10
San Jerónimo Taviche,20162,8
San Jerónimo Tecuanipan,21126,39
San Jerónimo Tecóatl,20163,6
San Jerónimo Tlacochahuaya,20550,53
San Jerónimo Xayacatlán,21127,22
San Jerónimo Zacualpan,29051,8
San Joaquín,22015,83
San Jorge Nuchita,20164,7
San José Ayuquila,20165,9
San José Chiapa,21128,122
San José Chiltepec,20166,57
San José Estancia Grande,20168,5
San José Independencia,20169,9
San José Iturbide,11032,2159
San José Lachiguiri,20170,2
San José Miahuatlán,21129,51
San José Teacalco,29052,6
San José Tenango,20171,19
San José de Gracia,1008,239
San José del Peñasco,20167,6
San José del Progreso,20072,19
San José del Rincón,15124,519
San Juan Achiutla,20172,6
San Juan Atenco,21130,30
San Juan Atepec,20173,5
San Juan Atzompa,21131,10
San Juan Bautista Atatlahuca,20175,4
San Juan Bautista Coixtlahuaca,20176,25
San Juan Bautista Cuicatlán,20177,192
San Juan Bautista Guelache,20178,62
San Juan Bautista Jayacatlán,20179,2
San Juan Bautista Lo de Soto,20180,9
San Juan Bautista Suchitepec,20181,1
San Juan Bautista Tlachichilco,20183,0
San Juan Bautista Tlacoatzintepec,20182,2
San Juan Bautista Tuxtepec,20184,1691
San Juan Bautista Valle Nacional,20559,89
San Juan Cacahuatepec,20185,46
San Juan Cancuc,7112,19
San Juan Chicomezúchil,20191,2
San Juan Chilateca,20192,8
San Juan Cieneguilla,20186,2
San Juan Coatzóspam,20187,2
San Juan Colorado,20188,13
San Juan Comaltepec,20189,4
San Juan Cotzocón,20190,62
San Juan Diuxi,20195,4
San Juan Evangelista,30142,82
San Juan Evangelista Analco,20196,0
San Juan Guelavía,20197,22
San Juan Guichicovi,20198,142
San Juan Huactzinco,29053,19
San Juan Ihualtepec,20199,0
San Juan Juquila Mixes,20200,14
San Juan Juquila Vijanos,20201,2
San Juan Lachao,20202,11
San Juan Lachigalla,20203,3
San Juan Lajarcia,20204,4
San Juan Lalana,20205,27
San Juan Mazatlán,20207,38
San Juan Mixtepec Distrito 08,20208,34
San Juan Mixtepec Distrito 26,20209,1
San Juan Ozolotepec,20211,0
San Juan Petlapa,20212,6
San Juan Quiahije,20213,6
San Juan Quiotepec,20214,6
San Juan Sayultepec,20215,5
San Juan Tabaá,20216,0
San Juan Tamazola,20217,13
San Juan Teita,20218,1
San Juan Teitipac,20219,20
San Juan Tepeuxila,20220,10
San Juan Teposcolula,20221,11
San Juan Yaeé,20222,2
San Juan Yatzona,20223,0
San Juan Yucuita,20224,7
San Juan de Guadalupe,10027,1
San Juan de Sabinas,5032,687
San Juan de los Cués,20206,16
San Juan de los Lagos,14073,629
San Juan del Estado,20193,15
San Juan del Río,10028,126
San Juan del Río,20194,3
San Juan del Río,22016,6252
San Juan Ñumí,20210,12
San Juanito de Escobedo,14007,68
San Julián,14074,54
San Lorenzo,20225,9
San Lorenzo Albarradas,20226,7
San Lorenzo Axocomanitla,29054,20
San Lorenzo Cacaotepec,20227,137
San Lorenzo Cuaunecuiltitla,20228,0
San Lorenzo Texmelúcan,20229,11
San Lorenzo Victoria,20230,3
San Lucas,7110,17
San Lucas,16077,43
San Lucas Camotlán,20231,3
San Lucas Ojitlán,20232,74
San Lucas Quiaviní,20233,9
San Lucas Tecopilco,29055,3
San Lucas Zoquiápam,20234,26
San Luis Acatlán,12052,188
San Luis Amatlán,20235,16
San Luis Potosí,24028,31096
San Luis Río Colorado,26055,2360
San Luis de la Paz,11033,2330
San Luis del Cordero,10029,2
San Marcial Ozolotepec,20236,1
San Marcos,12053,213
San Marcos,14075,15
San Marcos Arteaga,20237,6
San Martín Chalchicuautla,24029,153
San Martín Hidalgo,14077,246
San Martín Huamelúlpam,20239,2
San Martín Itunyoso,20240,15
San Martín Lachilá,20241,1
San Martín Peras,20242,34
San Martín Texmelucan,21132,2914
San Martín Tilcajete,20243,8
San Martín Totoltepec,21133,2
San Martín Toxpalan,20244,15
San Martín Zacatepec,20245,2
San Martín de Bolaños,14076,5
San Martín de las Pirámides,15075,664
San Martín de los Cansecos,20238,3
San Mateo Atenco,15076,2459
San Mateo Cajonos,20246,2
San Mateo Etlatongo,20250,5
San Mateo Nejápam,20251,1
San Mateo Peñasco,20252,9
San Mateo Piñas,20253,11
San Mateo Río Hondo,20254,19
San Mateo Sindihui,20255,0
San Mateo Tlapiltepec,20256,0
San Mateo Yoloxochitlán,20249,7
San Mateo Yucutindoo,20566,4
San Mateo del Mar,20248,16
San Matías Tlalancaleca,21134,150
San Melchor Betaza,20257,3
San Miguel Achiutla,20258,1
San Miguel Ahuehuetitlán,20259,3
San Miguel Aloápam,20260,9
San Miguel Amatitlán,20261,23
San Miguel Amatlán,20262,1
San Miguel Chicahua,20264,7
San Miguel Chimalapa,20265,10
San Miguel Coatlán,20263,8
San Miguel Ejutla,20268,8
San Miguel Huautla,20270,6
San Miguel Ixitlán,21135,3
San Miguel Mixtepec,20271,4
San Miguel Panixtlahuaca,20272,42
San Miguel Peras,20273,8
San Miguel Piedras,20274,1
San Miguel Quetzaltepec,20275,12
San Miguel Santa Flor,20276,2
San Miguel Soyaltepec,20278,166
San Miguel Suchixtepec,20279,4
San Miguel Tecomatlán,20281,2
San Miguel Tenango,20282,1
San Miguel Tequixtepec,20283,9
San Miguel Tilquiápam,20284,24
San Miguel Tlacamama,20285,9
San Miguel Tlacotepec,20286,11
San Miguel Totolapan,12054,17
San Miguel Tulancingo,20287,1
San Miguel Xoxtla,21136,241
San Miguel Yotao,20288,0
San Miguel de Allende,11003,5855
San Miguel de Horcasitas,26056,55
San Miguel del Puerto,20266,46
San Miguel del Río,20267,1
San Miguel el Alto,14078,159
San Miguel el Grande,20269,13
San Nicolás,12085,3
San Nicolás,20289,0
San Nicolás,28036,4
San Nicolás Buenos Aires,21137,65
San Nicolás Hidalgo,20290,1
San Nicolás Tolentino,24030,55
San Nicolás de los Garza,19046,5246
San Nicolás de los Ranchos,21138,46
San Pablo Anicano,21139,10
San Pablo Coatlán,20291,22
San Pablo Cuatro Venados,20292,2
San Pablo Etla,20293,179
San Pablo Huitzo,20294,96
San Pablo Huixtepec,20295,73
San Pablo Macuiltianguis,20296,2
San Pablo Tijaltepec,20297,1
San Pablo Villa de Mitla,20298,89
San Pablo Yaganiza,20299,0
San Pablo del Monte,29025,189
San Pedro,5033,1732
San Pedro Amuzgos,20300,14
San Pedro Apóstol,20301,14
San Pedro Atoyac,20302,16
San Pedro Cajonos,20303,1
San Pedro Cholula,21140,1946
San Pedro Comitancillo,20305,19
San Pedro Coxcaltepec Cántaros,20304,3
San Pedro Garza García,19019,2158
San Pedro Huamelula,20307,46
San Pedro Huilotepec,20308,17
San Pedro Ixcatlán,20309,31
San Pedro Ixtlahuaca,20310,139
San Pedro Jaltepetongo,20311,3
San Pedro Jicayán,20312,45
San Pedro Jocotipac,20313,0
San Pedro Juchatengo,20314,4
San Pedro Lagunillas,18013,68
San Pedro Mixtepec Distrito 22,20318,979
San Pedro Mixtepec Distrito 26,20319,6
San Pedro Molinos,20320,0
San Pedro Mártir,20315,15
San Pedro Mártir Quiechapa,20316,1
San Pedro Mártir Yucuxaco,20317,14
San Pedro Nopala,20321,2
San Pedro Ocopetatillo,20322,2
San Pedro Ocotepec,20323,1
San Pedro Pochutla,20324,606
San Pedro Quiatoni,20325,13
San Pedro Sochiápam,20326,29
San Pedro Tapanatepec,20327,82
San Pedro Taviche,20328,4
San Pedro Teozacoalco,20329,3
San Pedro Teutila,20330,13
San Pedro Tidaá,20331,0
San Pedro Tlaquepaque,14098,12693
San Pedro Topiltepec,20332,2
San Pedro Totolápam,20333,21
San Pedro Yaneri,20335,5
San Pedro Yeloixtlahuaca,21141,30
San Pedro Yucunama,20341,2
San Pedro Yólox,20336,2
San Pedro de la Cueva,26057,5
San Pedro del Gallo,10030,2
San Pedro el Alto,20306,7
San Pedro y San Pablo Ayutla,20337,28
San Pedro y San Pablo Teposcolula,20339,50
San Pedro y San Pablo Tequixtepec,20340,12
San Quintín,2006,2151
San Rafael,30211,220
San Raymundo Jalpan,20342,59
San Salvador,13054,251
San Salvador Huixcolotla,21144,185
San Salvador el Seco,21142,229
San Salvador el Verde,21143,303
San Sebastián Abasolo,20343,18
San Sebastián Coatlán,20344,13
San Sebastián Ixcapa,20345,24
San Sebastián Nicananduta,20346,5
San Sebastián Río Hondo,20347,7
San Sebastián Tecomaxtlahuaca,20348,20
San Sebastián Teitipac,20349,15
San Sebastián Tlacotepec,21145,6
San Sebastián Tutla,20350,156
San Sebastián del Oeste,14080,20
San Simón Almolongas,20351,10
San Simón Zahuatlán,20352,18
San Simón de Guerrero,15077,45
San Vicente Coatlán,20534,6
San Vicente Lachixío,20535,4
San Vicente Nuñú,20536,1
San Vicente Tancuayalab,24034,157
Sanahcat,31064,0
Sanctórum de Lázaro Cárdenas,29020,18
Santa Ana,20353,1
Santa Ana,26058,132
Santa Ana Ateixtlahuaca,20354,2
Santa Ana Cuauhtémoc,20355,2
Santa Ana Maya,16078,38
Santa Ana Nopalucan,29056,14
Santa Ana Tavela,20357,1
Santa Ana Tlapacoyan,20358,16
Santa Ana Yareni,20359,1
Santa Ana Zegache,20360,37
Santa Ana del Valle,20356,7
Santa Apolonia Teacalco,29057,5
Santa Bárbara,8060,394
Santa Catalina Quierí,20361,0
Santa Catarina,11034,103
Santa Catarina,19048,3879
Santa Catarina,24031,96
Santa Catarina Ayometla,29058,20
Santa Catarina Cuixtla,20362,7
Santa Catarina Ixtepeji,20363,12
Santa Catarina Juquila,20364,187
Santa Catarina Lachatao,20365,6
Santa Catarina Loxicha,20366,17
Santa Catarina Mechoacán,20367,12
Santa Catarina Minas,20368,11
Santa Catarina Quiané,20369,12
Santa Catarina Quioquitani,20074,8
Santa Catarina Tayata,20370,0
Santa Catarina Ticuá,20371,0
Santa Catarina Tlaltempan,21146,1
Santa Catarina Yosonotú,20372,5
Santa Catarina Zapoquila,20373,0
Santa Clara,10031,22
Santa Cruz,26059,1
Santa Cruz Acatepec,20374,12
Santa Cruz Amilpas,20375,139
Santa Cruz Itundujia,20377,17
Santa Cruz Mixtepec,20378,23
Santa Cruz Nundaco,20379,7
Santa Cruz Papalutla,20380,11
Santa Cruz Quilehtla,29059,16
Santa Cruz Tacache de Mina,20381,9
Santa Cruz Tacahua,20382,1
Santa Cruz Tayata,20383,1
Santa Cruz Tlaxcala,29026,53
Santa Cruz Xitla,20384,9
Santa Cruz Xoxocotlán,20385,1183
Santa Cruz Zenzontepec,20386,34
Santa Cruz de Bravo,20376,2
Santa Cruz de Juventino Rosas,11035,1372
Santa Cruz del Rincón,12084,3
Santa Elena,31066,3
Santa Gertrudis,20387,13
Santa Inés Ahuatempan,21147,19
Santa Inés Yatzeche,20389,6
Santa Inés de Zaragoza,20569,4
Santa Inés del Monte,20388,11
Santa Isabel,8024,101
Santa Isabel Cholula,21148,145
Santa Isabel Xiloxoxtla,29060,23
Santa Lucía Miahuatlán,20391,1
Santa Lucía Monteverde,20392,7
Santa Lucía Ocotlán,20393,12
Santa Lucía del Camino,20390,679
Santa Magdalena Jicotlán,20047,0
Santa María Alotepec,20394,9
Santa María Apazco,20395,14
Santa María Atzompa,20399,371
Santa María Camotlán,20400,7
Santa María Chachoápam,20404,3
Santa María Chilchotla,20406,49
Santa María Chimalapa,20407,13
Santa María Colotepec,20401,468
Santa María Cortijo,20402,13
Santa María Coyotepec,20403,44
Santa María Ecatepec,20410,5
Santa María Guelacé,20411,5
Santa María Guienagati,20412,5
Santa María Huatulco,20413,867
Santa María Huazolotitlán,20414,55
Santa María Ipalapa,20415,6
Santa María Ixcatlán,20416,1
Santa María Jacatepec,20417,45
Santa María Jalapa del Marqués,20418,98
Santa María Jaltianguis,20419,0
Santa María Lachixío,20420,1
Santa María Mixtequilla,20421,49
Santa María Nativitas,20422,6
Santa María Nduayaco,20423,2
Santa María Ozolotepec,20424,2
Santa María Petapa,20427,83
Santa María Peñoles,20426,12
Santa María Pápalo,20425,7
Santa María Quiegolani,20428,6
Santa María Sola,20429,6
Santa María Tataltepec,20430,1
Santa María Tecomavaca,20431,15
Santa María Temaxcalapa,20432,3
Santa María Temaxcaltepec,20433,5
Santa María Teopoxco,20434,9
Santa María Tepantlali,20435,8
Santa María Texcatitlán,20436,5
Santa María Tlahuitoltepec,20437,10
Santa María Tlalixtac,20438,8
Santa María Tonameca,20439,223
Santa María Totolapilla,20440,5
Santa María Xadani,20441,49
Santa María Yalina,20442,0
Santa María Yavesía,20443,1
Santa María Yolotepec,20444,0
Santa María Yosoyúa,20445,4
Santa María Yucuhiti,20446,4
Santa María Zacatepec,20447,35
Santa María Zaniza,20448,0
Santa María Zoquitlán,20449,8
Santa María de la Paz,32058,32
Santa María de los Ángeles,14081,29
Santa María del Oro,14056,2
Santa María del Oro,18014,87
Santa María del Rosario,20408,3
Santa María del Río,24032,510
Santa María del Tule,20409,85
Santa María la Asunción,20396,8
Santiago,19049,979
Santiago Amoltepec,20450,30
Santiago Apoala,20451,5
Santiago Apóstol,20452,25
Santiago Astata,20453,28
Santiago Atitlán,20454,14
Santiago Ayuquililla,20455,12
Santiago Cacaloxtepec,20456,19
Santiago Camotlán,20457,4
Santiago Chazumba,20459,36
Santiago Choápam,20460,16
Santiago Comaltepec,20458,2
Santiago Huajolotitlán,20462,54
Santiago Huauclilla,20463,1
Santiago Ihuitlán Plumas,20464,3
Santiago Ixcuintepec,20465,8
Santiago Ixcuintla,18015,1012
Santiago Ixtayutla,20466,34
Santiago Jamiltepec,20467,129
Santiago Jocotepec,20468,35
Santiago Juxtlahuaca,20469,197
Santiago Lachiguiri,20470,15
Santiago Lalopa,20471,0
Santiago Laollaga,20472,23
Santiago Laxopa,20473,4
Santiago Llano Grande,20474,16
Santiago Maravatío,11036,115
Santiago Matatlán,20475,69
Santiago Miahuatlán,21149,259
Santiago Miltepec,20476,6
Santiago Minas,20477,3
Santiago Nacaltepec,20478,3
Santiago Nejapilla,20479,2
Santiago Niltepec,20066,36
Santiago Nundiche,20480,2
Santiago Nuyoó,20481,2
Santiago Papasquiaro,10032,692
Santiago Pinotepa Nacional,20482,708
Santiago Sochiapan,30212,54
Santiago Suchilquitongo,20483,103
Santiago Tamazola,20484,13
Santiago Tapextla,20485,20
Santiago Tenango,20487,9
Santiago Tepetlapa,20488,0
Santiago Tetepec,20489,14
Santiago Texcalcingo,20490,6
Santiago Textitlán,20491,4
Santiago Tilantongo,20492,3
Santiago Tillo,20493,1
Santiago Tlazoyaltepec,20494,21
Santiago Tulantepec de Lugo Guerrero,13056,621
Santiago Tuxtla,30143,437
Santiago Xanica,20495,3
Santiago Xiacuí,20496,10
Santiago Yaitepec,20497,21
Santiago Yaveo,20498,22
Santiago Yolomécatl,20499,14
Santiago Yosondúa,20500,12
Santiago Yucuyachi,20501,2
Santiago Zacatepec,20502,22
Santiago Zoochila,20503,1
Santiago de Anaya,13055,98
Santiago del Río,20461,2
Santiago el Pinar,7119,1
Santo Domingo,24033,28
Santo Domingo Albarradas,20506,2
Santo Domingo Armenta,20507,17
Santo Domingo Chihuitán,20508,16
Santo Domingo Ingenio,20505,28
Santo Domingo Ixcatlán,20510,1
Santo Domingo Nuxaá,20511,12
Santo Domingo Ozolotepec,20512,1
Santo Domingo Petapa,20513,52
Santo Domingo Roayaga,20514,3
Santo Domingo Tehuantepec,20515,934
Santo Domingo Teojomulco,20516,6
Santo Domingo Tepuxtepec,20517,23
Santo Domingo Tlatayápam,20518,0
Santo Domingo Tomaltepec,20519,22
Santo Domingo Tonaltepec,20521,1
Santo Domingo Tonalá,20520,23
Santo Domingo Xagacía,20522,3
Santo Domingo Yanhuitlán,20523,15
Santo Domingo Yodohino,20524,0
Santo Domingo Zanatepec,20525,88
Santo Domingo de Morelos,20509,23
Santo Tomás,15078,72
Santo Tomás Hueyotlipan,21151,50
Santo Tomás Jalieza,20530,19
Santo Tomás Mazaltepec,20531,11
Santo Tomás Ocotepec,20532,10
Santo Tomás Tamazulapan,20533,19
Santos Reyes Nopala,20526,64
Santos Reyes Pápalo,20527,5
Santos Reyes Tepejillo,20528,3
Santos Reyes Yucuná,20529,0
Satevó,8061,62
Saucillo,8062,443
Sayula,14082,361
Sayula de Alemán,30144,202
Senguio,16080,77
Seybaplaya,4012,297
Seyé,31067,8
Sierra Mojada,5034,5
Silacayoápam,20537,46
Silao de la Victoria,11037,5587
Siltepec,7080,4
Simojovel,7081,21
Sinaloa,25017,264
Sinanché,31068,3
Singuilucan,13057,210
Sitalá,7082,6
Sitio de Xitlapehua,20538,5
Sochiapa,30146,21
Socoltenango,7083,7
Soconusco,30145,129
Soledad Atzompa,30147,23
Soledad Etla,20539,55
Soledad de Doblado,30148,100
Soledad de Graciano Sánchez,24035,7256
Solidaridad,23008,10851
Solosuchiapa,7084,12
Soltepec,21152,79
Sombrerete,32042,541
Soteapan,30149,104
Soto la Marina,28037,195
Sotuta,31069,4
Soyaló,7085,17
Soyaniquilpan de Juárez,15079,297
Soyopa,26061,14
Suaqui Grande,26062,4
Suchiapa,7086,131
Suchiate,7087,169
Sucilá,31070,1
Sudzal,31071,0
Sultepec,15080,74
Suma,31072,7
Sunuapa,7088,7
Susticacán,32043,9
Susupuato,16081,19
Sáric,26060,25
Súchil,10033,41
Tabasco,32044,125
Tacotalpa,27015,568
Tacámbaro,16082,466
Tahdziú,31073,2
Tahmek,31074,0
Tala,14083,1064
Talpa de Allende,14084,93
Tamalín,30150,51
Tamasopo,24036,178
Tamazula,10034,33
Tamazula de Gordiano,14085,242
Tamazulápam del Espíritu Santo,20031,26
Tamazunchale,24037,1021
Tamiahua,30151,110
Tampacán,24038,117
Tampamolón Corona,24039,106
Tampico,28038,3262
Tampico Alto,30152,79
Tamuín,24040,460
Tancanhuitz,24012,208
Tancoco,30153,34
Tancítaro,16083,176
Tanetze de Zaragoza,20541,3
Tangamandapio,16084,188
Tangancícuaro,16085,262
Tanhuato,16086,76
Taniche,20542,13
Tanlajás,24041,173
Tanquián de Escobedo,24042,226
Tantima,30154,39
Tantoyuca,30155,806
Tapachula,7089,1789
Tapalapa,7090,8
Tapalpa,14086,122
Tapilula,7091,56
Tarandacuao,11038,225
Taretan,16087,107
Tarimoro,11039,692
Tarímbaro,16088,1199
Tasquillo,13058,61
Tatahuicapan de Juárez,30209,62
Tataltepec de Valdés,20543,10
Tatatila,30156,22
Taxco de Alarcón,12055,638
Teabo,31075,2
Teapa,27016,1051
Tecali de Herrera,21153,214
Tecalitlán,14087,44
Tecamachalco,21154,839
Tecate,2003,3424
Techaluta de Montenegro,14089,36
Tecoanapa,12056,104
Tecoh,31076,4
Tecolotlán,14088,217
Tecolutla,30158,166
Tecomatlán,21155,22
Tecomán,6009,2730
Tecozautla,13059,127
Tecpatán,7092,39
Tecuala,18016,253
Tecámac,15081,12138
Tehuacán,21156,4534
Tehuipango,30159,66
Tehuitzingo,21157,101
Tejupilco,15082,770
Tekal de Venegas,31077,1
Tekantó,31078,2
Tekax,31079,101
Tekit,31080,1
Tekom,31081,1
Telchac Pueblo,31082,7
Telchac Puerto,31083,4
Teloloapan,12058,257
Temamatla,15083,353
Temascalapa,15084,617
Temascalcingo,15085,664
Temascaltepec,15086,218
Temax,31084,1
Temixco,17018,2561
Temoac,17033,284
Temoaya,15087,1382
Temozón,31085,7
Tempoal,30161,210
Temósachic,8063,44
Tenabo,4008,101
Tenamaxtlán,14090,42
Tenampa,30162,22
Tenampulco,21158,26
Tenancingo,15088,1918
Tenancingo,29027,42
Tenango de Doria,13060,161
Tenango del Aire,15089,214
Tenango del Valle,15090,1422
Tenejapa,7093,16
Tenochtitlán,30163,17
Tenosique,27017,797
Teocaltiche,14091,105
Teocelo,30164,100
Teococuilco de Marcos Pérez,20544,2
Teocuitatlán de Corona,14092,54
Teolocholco,29028,65
Teoloyucan,15091,1974
Teopantlán,21159,10
Teopisca,7094,19
Teotihuacán,15092,1385
Teotitlán de Flores Magón,20545,196
Teotitlán del Valle,20546,39
Teotlalco,21160,10
Teotongo,20547,4
Tepache,26063,5
Tepakán,31086,0
Tepalcatepec,16089,123
Tepalcingo,17019,173
Tepanco de López,21161,240
Tepango de Rodríguez,21162,14
Tepatitlán de Morelos,14093,1252
Tepatlaxco,30165,34
Tepatlaxco de Hidalgo,21163,226
Tepeaca,21164,883
Tepeapulco,13061,1507
Tepechitlán,32045,110
Tepecoacuilco de Trujano,12059,173
Tepehuacán de Guerrero,13062,81
Tepehuanes,10035,90
Tepeji del Río de Ocampo,13063,1767
Tepelmeme Villa de Morelos,20548,44
Tepemaxalco,21165,3
Tepeojuma,21166,67
Tepetitla de Lardizábal,29019,44
Tepetitlán,13064,71
Tepetlaoxtoc,15093,583
Tepetlixpa,15094,315
Tepetlán,30166,34
Tepetongo,32046,83
Tepetzintla,21167,30
Tepetzintla,30167,55
Tepexco,21168,49
Tepexi de Rodríguez,21169,187
Tepeyahualco,21170,298
Tepeyahualco de Cuauhtémoc,21171,29
Tepeyanco,29029,40
Tepezalá,1009,332
Tepic,18017,6067
Tepotzotlán,15095,2196
Tepoztlán,17020,1008
Tequila,14094,411
Tequila,30168,74
Tequisquiapan,22017,1658
Tequixquiac,15096,589
Terrenate,29030,9
Tetecala,17021,253
Tetela de Ocampo,21172,146
Tetela del Volcán,17022,105
Teteles de Avila Castillo,21173,47
Tetepango,13065,58
Tetipac,12060,13
Tetiz,31087,1
Tetla de la Solidaridad,29031,44
Tetlatlahuca,29032,36
Teuchitlán,14095,54
Texcaltitlán,15097,141
Texcalyacac,15098,100
Texcatepec,30170,54
Texcoco,15099,7200
Texhuacán,30171,27
Texistepec,30172,123
Teya,31088,2
Teziutlán,21174,812
Tezonapa,30173,148
Tezontepec de Aldama,13067,308
Tezoyuca,15100,1024
Teúl de González Ortega,32047,83
Tianguismanalco,21175,146
Tianguistenco,15101,1443
Tianguistengo,13068,56
Ticul,31089,60
Tierra Blanca,11040,252
Tierra Blanca,30174,1000
Tierra Nueva,24043,67
Tihuatlán,30175,814
Tijuana,2004,46709
Tila,7096,58
Tilapa,21176,59
Timilpan,15102,208
Timucuy,31090,2
Tingambato,16090,89
Tingüindín,16091,59
Tinum,31091,4
Tiquicheo de Nicolás Romero,16092,25
Tixcacalcupul,31092,2
Tixkokob,31093,5
Tixmehuac,31094,3
Tixpéhual,31095,1
Tixtla de Guerrero,12061,285
Tizapán el Alto,14096,158
Tizayuca,13069,4846
Tizimín,31096,81
Tlachichilco,30180,19
Tlachichuca,21179,162
Tlacoachistlahuaca,12062,70
Tlacoapa,12063,5
Tlacojalpan,30176,41
Tlacolula de Matamoros,20551,666
Tlacolulan,30177,83
Tlacotalpan,30178,88
Tlacotepec Plumas,20552,1
Tlacotepec de Benito Juárez,21177,375
Tlacotepec de Mejía,30179,25
Tlacuilotepec,21178,56
Tlahualilo,10036,99
Tlahuapan,21180,434
Tlahuelilpan,13070,359
Tlahuiltepa,13071,16
Tlajomulco de Zúñiga,14097,11698
Tlalchapa,12064,5
Tlalixcoyan,30181,215
Tlalixtac de Cabrera,20553,145
Tlalixtaquilla de Maldonado,12065,20
Tlalmanalco,15103,1089
Tlalnelhuayocan,30182,150
Tlalnepantla,17023,81
Tlalnepantla de Baz,15104,17168
Tlalpan,9012,14647
Tlalpujahua,16093,108
Tlaltenango,21181,54
Tlaltenango de Sánchez Román,32048,478
Tlaltetela,30024,90
Tlaltizapán de Zapata,17024,557
Tlanalapa,13072,216
Tlanchinol,13073,229
Tlanepantla,21182,28
Tlaola,21183,128
Tlapa de Comonfort,12066,773
Tlapacoya,21184,20
Tlapacoyan,30183,573
Tlapanalá,21185,41
Tlapehuala,12067,33
Tlaquilpa,30184,69
Tlaquiltenango,17025,254
Tlatlauquitepec,21186,426
Tlatlaya,15105,95
Tlaxcala,29033,422
Tlaxco,21187,12
Tlaxco,29034,74
Tlaxcoapan,13074,1022
Tlayacapan,17026,400
Tlazazalca,16094,30
Tlilapan,30185,46
Tláhuac,9011,6963
Tocatlán,29035,14
Tochimilco,21188,68
Tochtepec,21189,140
Tocumbo,16095,54
Tolcayuca,13075,207
Tolimán,14099,50
Tolimán,22018,372
Toluca,15106,33881
Tomatlán,14100,180
Tomatlán,30186,55
Tonalá,7097,327
Tonalá,14101,8444
Tonanitla,15125,314
Tonatico,15107,197
Tonaya,14102,19
Tonayán,30187,24
Tonila,14103,36
Topia,10037,2
Torreón,5035,15525
Totatiche,14104,11
Totolac,29036,67
Totolapa,7098,4
Totolapan,17027,128
Totoltepec de Guerrero,21190,0
Totontepec Villa de Morelos,20554,4
Tototlán,14105,179
Totutla,30188,100
Trancoso,32057,302
Tres Valles,30207,509
Trincheras,26064,11
Trinidad García de la Cadena,32011,22
Trinidad Zaachila,20555,20
Tubutama,26065,10
Tula,28039,281
Tula de Allende,13076,2976
Tulancingo de Bravo,13077,4092
Tulcingo,21191,38
Tultepec,15108,3617
Tultitlán,15109,10923
Tulum,23009,2019
Tumbalá,7100,24
Tumbiscatío,16096,16
Tunkás,31097,0
Turicato,16097,49
Tuxcacuesco,14106,19
Tuxcueca,14107,44
Tuxpan,14108,189
Tuxpan,16098,236
Tuxpan,18018,192
Tuxpan,30189,1966
Tuxtilla,30190,16
Tuxtla Chico,7102,176
Tuxtla Gutiérrez,7101,3225
Tuzamapan de Galeana,21192,15
Tuzantla,16099,43
Tuzantán,7103,100
Tzicatlacoyan,21193,21
Tzimol,7104,9
Tzintzuntzan,16100,135
Tzitzio,16101,42
Tzompantepec,29038,41
Tzucacab,31098,7
Técpan de Galeana,12057,286
Uayma,31099,0
Ucú,31100,0
Umán,31101,116
Unión Hidalgo,20557,64
Unión Juárez,7105,15
Unión de San Antonio,14109,94
Unión de Tula,14110,123
Ures,26066,46
Uriangato,11041,856
Urique,8065,59
Ursulo Galván,30191,223
Uruachi,8066,12
Uruapan,16102,5166
Uxpanapa,30210,115
Valerio Trujano,20558,19
Valladolid,31102,307
Valle Hermoso,28040,380
Valle de Bravo,15110,1563
Valle de Chalco Solidaridad,15122,8312
Valle de Guadalupe,14111,50
Valle de Juárez,14112,38
Valle de Santiago,11042,2659
Valle de Zaragoza,8067,62
Vallecillo,19050,39
Valparaíso,32049,379
Vanegas,24044,58
Vega de Alatorre,30192,113
Venado,24045,148
Venustiano Carranza,7106,19
Venustiano Carranza,9017,12305
Venustiano Carranza,16103,118
Venustiano Carranza,21194,130
Veracruz,30193,9868
Vetagrande,32050,110
Vicente Guerrero,10038,319
Vicente Guerrero,21195,75
Victoria,11043,192
Victoria,28041,7974
Viesca,5036,137
Villa Aldama,30194,144
Villa Comaltitlán,7071,88
Villa Corona,14114,206
Villa Corzo,7107,71
Villa Díaz Ordaz,20560,35
Villa García,32052,103
Villa González Ortega,32053,74
Villa Guerrero,14115,32
Villa Guerrero,15113,739
Villa Hidalgo,14116,72
Villa Hidalgo,20038,0
Villa Hidalgo,24051,228
Villa Hidalgo,26067,7
Villa Hidalgo,32054,67
Villa Juárez,24052,125
Villa Pesqueira,26068,3
Villa Purificación,14068,56
Villa Sola de Vega,20277,106
Villa Talea de Castro,20280,5
Villa Tejúpam de la Unión,20486,14
Villa Unión,5037,61
Villa Victoria,15114,838
Villa de Allende,15111,379
Villa de Arista,24056,170
Villa de Arriaga,24046,205
Villa de Chilapa de Díaz,20405,10
Villa de Cos,32051,307
Villa de Etla,20338,282
Villa de Guadalupe,24047,44
Villa de Pozos,24059,115
Villa de Ramos,24049,230
Villa de Reyes,24050,670
Villa de Tamazulápam del Progreso,20540,78
Villa de Tezontepec,13066,128
Villa de Tututepec,20334,277
Villa de Zaachila,20565,499
Villa de la Paz,24048,74
Villa de Álvarez,6010,4519
Villa del Carbón,15112,535
Villaflores,7108,371
Villagrán,11044,1314
Villagrán,28042,15
Villaldama,19051,71
Villamar,16104,80
Villanueva,32055,588
Vista Hermosa,16105,67
Xalapa,30087,8964
Xalatlaco,15043,444
Xalisco,18008,239
Xaloztoc,29039,41
Xalpatláhuac,12069,43
Xaltocan,29040,28
Xayacatlán de Bravo,21196,8
Xichú,11045,66
Xico,30092,262
Xicohtzinco,29042,47
Xicotepec,21197,759
Xicotlán,21198,2
Xicoténcatl,28043,208
Xilitla,24054,347
Xiutetelco,21199,141
Xocchel,31103,2
Xochiapulco,21200,7
Xochiatipan,13078,62
Xochicoatlán,13079,43
Xochihuehuetlán,12070,27
Xochiltepec,21201,12
Xochimilco,9013,7259
Xochistlahuaca,12071,54
Xochitepec,17028,1704
Xochitlán Todos Santos,21203,27
Xochitlán de Vicente Suárez,21202,29
Xonacatlán,15115,1294
Xoxocotla,17035,236
Xoxocotla,30195,27
Yahualica,13080,83
Yahualica de González Gallo,14118,170
Yajalón,7109,63
Yanga,30196,177
Yaonáhuac,21204,50
Yauhquemehcan,29043,85
Yautepec,17029,2455
Yaxcabá,31104,4
Yaxe,20561,11
Yaxkukul,31105,4
Yecapixtla,17030,756
Yecuatla,30197,52
Yehualtepec,21205,111
Yobaín,31106,3
Yogana,20563,3
Yuriria,11046,1096
Yurécuaro,16106,223
Yutanduchi de Guerrero,20564,3
Yécora,26069,50
Zacapala,21206,16
Zacapoaxtla,21207,229
Zacapu,16107,323
Zacatecas,32056,6527
Zacatelco,29044,216
Zacatepec,17031,432
Zacatlán,21208,978
Zacazonapan,15116,17
Zacoalco de Torres,14119,206
Zacualpan,15117,37
Zacualpan,30198,42
Zacualpan de Amilpas,17032,20
Zacualtipán de Ángeles,13081,432
Zamora,16108,2829
Zapopan,14120,22023
Zapotiltic,14121,437
Zapotitlán,21209,41
Zapotitlán Lagunas,20567,14
Zapotitlán Palmas,20568,16
Zapotitlán Tablas,12072,14
Zapotitlán de Méndez,21210,7
Zapotitlán de Vadillo,14122,16
Zapotlanejo,14124,955
Zapotlán de Juárez,13082,181
Zapotlán del Rey,14123,148
Zapotlán el Grande,14023,1497
Zaragoza,5038,111
Zaragoza,21211,201
Zaragoza,24055,318
Zaragoza,30199,37
Zautla,21212,52
Zempoala,13083,972
Zentla,30200,53
Zihuatanejo de Azueta,12038,1247
Zihuateutla,21213,40
Ziltlaltépec de Trinidad Sánchez Santos,29037,13
Zimapán,13084,475
Zimatlán de Álvarez,20570,344
Zinacantepec,15118,4165
Zinacantán,7111,16
Zinacatepec,21214,101
Zinapécuaro,16110,412
Zináparo,16109,6
Ziracuaretiro,16111,202
Zirándaro,12073,9
Zitlala,12074,14
Zitácuaro,16112,1710
Zongolica,30201,299
Zongozotla,21215,5
Zontecomatlán de López y Fuentes,30202,42
Zoquiapan,21216,2
Zoquitlán,21217,97
Zozocolco de Hidalgo,30203,28
Zumpahuacán,15119,196
Zumpango,15120,7911
Álamo Temapache,30160,743
Álvaro Obregón,9010,14170
Álvaro Obregón,16003,176
Ánimas Trujano,20174,68
Ñuu Savi,12083,2
